"num","team","epa_rank","total_epa","norm_epa","unitless_epa","auto_epa","teleop_epa","endgame_epa","rp_1_epa","rp_2_epa","rp_3_epa","next_event_key","next_event_name","next_event_week","record","winrate"
"4391","BraveBots","34","85.4","1794","1892","16.6","58.9","9.9","0.68","0.6","0.77","N/A","N/A","N/A","57-14-0","0.803"
"2337","EngiNERDs","52","81.9","1772","1868","22.5","50.7","8.7","0.6","0.51","0.33","N/A","N/A","N/A","51-19-0","0.729"
"2767","Stryke Force","58","80.1","1761","1856","18.8","51.1","10.3","0.69","0.29","0.34","N/A","N/A","N/A","61-16-0","0.792"
"27","Team RUSH","60","80","1760","1855","18.6","50.6","10.8","0.52","0.78","0.45","N/A","N/A","N/A","64-24-0","0.727"
"67","The HOT Team","64","79.8","1759","1854","19.3","49.9","10.5","0.5","0.65","0.45","N/A","N/A","N/A","58-12-0","0.829"
"1701","RoboCubs","69","79.2","1755","1850","21.2","49.4","8.5","0.53","0.34","0.36","N/A","N/A","N/A","40-21-1","0.653"
"7769","The CREW","78","78","1748","1842","16.4","51.1","10.5","0.51","0.22","0.43","N/A","N/A","N/A","40-20-0","0.667"
"2137","The Oxford RoboCats","85","77.4","1744","1838","20.2","49.6","7.6","0.59","0.65","0.22","N/A","N/A","N/A","47-16-0","0.746"
"5460","Strike Zone","87","77.3","1743","1837","22.2","49","6","0.56","0.75","0.33","N/A","N/A","N/A","52-12-2","0.803"
"33","Killer Bees","88","77.2","1743","1836","14","55","8.2","0.63","0.22","0.5","N/A","N/A","N/A","48-16-0","0.750"
"3538","RoboJackets","90","77.1","1742","1836","18.5","51.9","6.8","0.62","0.48","0.36","N/A","N/A","N/A","48-14-0","0.774"
"2054","Tech Vikes","95","76.5","1738","1831","23.4","44.4","8.8","0.46","0.28","0.44","N/A","N/A","N/A","62-25-0","0.713"
"3604","Goon Squad","106","75.5","1732","1824","13.2","53.2","9","0.43","0.29","0.28","N/A","N/A","N/A","30-26-1","0.535"
"5712","Hemlock's Gray Matter","122","74","1722","1814","13.2","51.1","9.7","0.27","0.18","0.42","N/A","N/A","N/A","30-23-2","0.564"
"862","Lightning Robotics","128","73.6","1720","1812","16","44.5","13.1","0.4","0.43","0.75","N/A","N/A","N/A","61-19-1","0.759"
"7166","Red Thunder Robotics","129","73.2","1718","1809","19.1","44.4","9.7","0.44","0.42","0.56","N/A","N/A","N/A","46-21-1","0.684"
"3767","TC Titans","143","72.3","1712","1803","16.1","48.4","7.8","0.45","0.37","0.41","N/A","N/A","N/A","42-23-1","0.644"
"226","Hammerheads","144","72.3","1712","1803","18.7","44.3","9.3","0.59","0.4","0.62","N/A","N/A","N/A","40-18-1","0.686"
"8608","Alpha Bots","147","72.1","1711","1801","19.6","42","10.5","0.65","0.18","0.58","N/A","N/A","N/A","42-16-0","0.724"
"2832","The Livonia Warriors","148","72","1710","1801","19.6","44.8","7.7","0.58","0.56","0.27","N/A","N/A","N/A","44-14-1","0.754"
"2075","Enigma Robotics","157","70.8","1702","1793","13","47.9","9.8","0.45","0.39","0.62","N/A","N/A","N/A","53-15-0","0.779"
"4776","S.C.O.T.S. Bots","167","70.1","1698","1788","12.6","48.1","9.4","0.51","0.12","0.35","N/A","N/A","N/A","39-21-1","0.648"
"3175","Knight Vision","169","70.1","1698","1788","15","47.4","7.7","0.52","0.23","0.39","N/A","N/A","N/A","38-21-0","0.644"
"9245","Laker Dreadnoughts","170","69.9","1697","1787","15","47.3","7.6","0.44","0.25","0.35","N/A","N/A","N/A","45-16-1","0.734"
"5216","E-Ville Empire","173","69.8","1696","1786","17.7","48.6","3.5","0.6","0.57","0","N/A","N/A","N/A","42-22-0","0.656"
"1918","NC GEARS","174","69.7","1696","1785","11.3","48.1","10.3","0.36","0.09","0.6","N/A","N/A","N/A","35-15-0","0.700"
"7211","Hollywood","175","69.7","1695","1785","11.4","46.8","11.5","0.64","0.23","0.61","N/A","N/A","N/A","45-23-0","0.662"
"3620","Average Joes","178","69.6","1695","1784","22.5","38.5","8.7","0.65","0.21","0.63","N/A","N/A","N/A","43-22-1","0.659"
"5675","WiredCats","183","69.4","1694","1783","16.1","45.1","8.2","0.38","0.5","0.42","N/A","N/A","N/A","36-14-0","0.720"
"910","The Foley Freeze","188","68.8","1690","1779","20","38.4","10.4","0.48","0.32","0.38","N/A","N/A","N/A","44-18-0","0.710"
"3414","Hackbots","199","67.6","1681","1771","15","43.9","8.8","0.36","0.08","0.32","N/A","N/A","N/A","34-26-0","0.567"
"302","The Dragons","200","67.6","1681","1771","21","43.4","3.2","0.41","0.3","0.03","N/A","N/A","N/A","38-26-0","0.594"
"494","Martians","202","67.5","1681","1770","15","41.7","10.8","0.55","0.48","0.52","N/A","N/A","N/A","47-17-1","0.731"
"68","Truck Town Thunder","205","67.3","1679","1769","19.7","38.7","8.9","0.57","0.4","0.46","N/A","N/A","N/A","21-22-1","0.489"
"2834","Bionic Black Hawks","209","67.2","1678","1768","17.1","40.3","9.8","0.46","0.28","0.49","N/A","N/A","N/A","34-24-1","0.585"
"10589","Binary Crows","211","67.1","1678","1768","11.6","51.3","4.2","0.33","0.1","0.25","N/A","N/A","N/A","36-22-2","0.617"
"3656","Dexter Dreadbots","224","66","1670","1760","12","43.8","10.3","0.5","0.39","0.45","N/A","N/A","N/A","45-15-1","0.746"
"3539","Byting Bulldogs","233","65.5","1667","1757","16.7","42.4","6.4","0.57","0.48","0.34","N/A","N/A","N/A","58-21-0","0.734"
"5660","Symmetrical Chaos","237","65.4","1666","1756","12.7","44.8","7.9","0.32","0.41","0.36","N/A","N/A","N/A","35-24-1","0.592"
"4237","Team Lance-A-Bot","246","64.5","1661","1750","15.9","43.2","5.4","0.42","0.17","0.12","N/A","N/A","N/A","41-22-1","0.648"
"2611","Jacktown Vectors","247","64.5","1661","1750","17.7","43.2","3.5","0.55","0.19","0.2","N/A","N/A","N/A","22-23-1","0.489"
"5166","Fabricators","253","64.2","1659","1748","13.6","38","12.6","0.53","0.16","0.67","N/A","N/A","N/A","40-21-0","0.656"
"3572","Wavelength","262","63.6","1656","1744","19.4","35.7","8.5","0.53","0.16","0.5","N/A","N/A","N/A","40-22-1","0.643"
"4967","That ONE Team-OurNextEngineers","263","63.6","1655","1744","13.8","40.5","9.2","0.45","0.26","0.45","N/A","N/A","N/A","46-29-0","0.613"
"70","More Martians","268","63.4","1655","1742","12.4","40.5","10.5","0.43","0.27","0.54","N/A","N/A","N/A","42-21-1","0.664"
"1076","Pi Hi Samurai","289","62.6","1650","1737","15.3","44.8","2.4","0.43","0.55","0.05","N/A","N/A","N/A","40-23-0","0.635"
"5535","Bionic Bison","293","62.3","1649","1735","5.8","46","10.5","0.48","0.19","0.62","N/A","N/A","N/A","31-25-0","0.554"
"3536","Electro Eagles","294","62.2","1648","1734","10.8","43.3","8.1","0.54","0.11","0.62","N/A","N/A","N/A","37-21-0","0.638"
"6615","Bellevillains","303","61.9","1646","1732","13.4","48.3","0.2","0.42","0.36","-0.07","N/A","N/A","N/A","34-23-2","0.593"
"4405","The Atoms Family","304","61.8","1646","1732","15.7","36.9","9.2","0.6","0.27","0.48","N/A","N/A","N/A","30-16-1","0.649"
"2145","HAZMATS","312","61.2","1643","1727","20.8","33.9","6.5","0.57","0.14","0.09","N/A","N/A","N/A","37-24-0","0.607"
"4422","Twisted Angels","314","61","1643","1726","13.5","39.1","8.4","0.31","0.13","0.52","N/A","N/A","N/A","45-29-0","0.608"
"5352","Controlled Chaos","320","61","1642","1726","18.3","33.3","9.4","0.56","0.2","0.41","N/A","N/A","N/A","34-23-1","0.595"
"7056","The F.A.S.T. Team - Fowlerv...","323","60.9","1642","1725","10.8","40.9","9.3","0.43","0.23","0.52","N/A","N/A","N/A","33-19-3","0.627"
"3668","TroBots","325","60.8","1642","1725","14.6","38.4","7.9","0.49","0.28","0.32","N/A","N/A","N/A","33-27-0","0.550"
"51","Wings of Fire","333","60.5","1640","1723","11.9","37.6","10.9","0.46","0.26","0.48","N/A","N/A","N/A","32-26-0","0.552"
"5907","CC Shambots","339","60.3","1639","1721","13","44.4","2.8","0.28","0.5","0.15","N/A","N/A","N/A","35-24-0","0.593"
"5114","Titanium Tigers","341","60.1","1639","1720","18.8","32.8","8.6","0.5","0.28","0.31","N/A","N/A","N/A","26-21-0","0.553"
"1506","Metal Muscle","345","59.8","1638","1718","15.6","36.1","8.1","0.54","-0.06","0.55","N/A","N/A","N/A","41-19-0","0.683"
"5505","V2 - Volts Squared","347","59.8","1638","1718","13.1","34.8","12","0.45","0.11","0.49","N/A","N/A","N/A","38-16-1","0.700"
"1023","Bedford Express","348","59.8","1638","1718","12.1","41.9","5.8","0.51","0.36","0.16","N/A","N/A","N/A","45-15-3","0.738"
"245","Adambots","350","59.6","1637","1717","12.8","39.9","6.9","0.3","0.24","0.28","N/A","N/A","N/A","33-25-0","0.569"
"1498","The Polar Pilots","355","59.4","1636","1716","13.8","38.5","7.2","0.5","0.12","0.36","N/A","N/A","N/A","28-26-0","0.519"
"1189","Gearheads","360","58.9","1634","1712","11.6","38.4","8.9","0.5","0.04","0.59","N/A","N/A","N/A","28-18-1","0.606"
"217","ThunderChickens","371","58.3","1632","1708","10.8","39.5","8","0.27","0.33","0.45","N/A","N/A","N/A","33-25-1","0.568"
"3655","Tractor Technicians","375","58.2","1632","1707","12.3","35.8","10.1","0.45","0.17","0.61","N/A","N/A","N/A","33-27-0","0.550"
"7790","Baywatch Robotics","379","57.9","1631","1705","12.6","40.6","4.7","0.34","0.15","0.26","N/A","N/A","N/A","36-24-1","0.598"
"469","Las Guerrillas","383","57.6","1629","1703","17.3","36.5","3.8","0.38","0.12","0.18","N/A","N/A","N/A","36-24-0","0.600"
"2851","Crevolution","389","57.4","1628","1702","7","49.1","1.3","0.33","0.36","-0.03","N/A","N/A","N/A","29-30-0","0.492"
"6002","ZooBOTix","394","57.2","1628","1700","12.8","36.6","7.9","0.34","0.04","0.4","N/A","N/A","N/A","50-28-1","0.639"
"1025","Impi Warriors","403","56.8","1626","1698","16.6","31.3","8.9","0.45","0.01","0.47","N/A","N/A","N/A","30-18-0","0.625"
"6548","Perry RAMBOTS","419","55.9","1622","1691","15.8","37.8","2.3","0.26","0.18","0.18","N/A","N/A","N/A","35-20-1","0.634"
"1718","The Fighting Pi","428","55.5","1621","1689","11.6","33.2","10.8","0.39","0.12","0.63","N/A","N/A","N/A","42-17-0","0.712"
"503","25 Years of Frog Force","431","55.4","1620","1688","14.7","30.9","9.8","0.46","0.32","0.36","N/A","N/A","N/A","35-28-0","0.556"
"548","Robostangs","437","55","1619","1686","7","42.9","5.1","0.35","0.12","0.21","N/A","N/A","N/A","31-24-0","0.564"
"3322","Eagle Evolution","449","54.2","1616","1680","10.2","36","8.1","0.47","0.04","0.39","N/A","N/A","N/A","34-27-0","0.557"
"5577","Kinematic Wolves","452","54.1","1615","1680","10.4","41.3","2.5","0.46","0.26","0.18","N/A","N/A","N/A","25-16-1","0.607"
"3546","Buc'n'Gears","459","53.8","1614","1678","14","36.5","3.3","0.37","0.37","0.11","N/A","N/A","N/A","32-21-0","0.604"
"2960","Automation Nation","469","53.1","1611","1673","10.4","35.5","7.3","0.46","0.03","0.51","N/A","N/A","N/A","40-20-0","0.667"
"858","Demons Robotics","474","52.9","1610","1671","11.3","41.1","0.4","0.25","0.26","-0.23","N/A","N/A","N/A","37-31-0","0.544"
"2586","Copper Bots","477","52.7","1610","1670","10.1","39.6","3","0.35","0.08","0.2","N/A","N/A","N/A","31-24-1","0.563"
"7174","Charger Robotics","482","52.4","1608","1668","14.7","31.1","6.6","0.56","0.27","0.17","N/A","N/A","N/A","27-19-0","0.587"
"3357","COMETS","501","51.8","1606","1664","8.7","38.4","4.8","0.38","0.25","0.31","N/A","N/A","N/A","23-21-0","0.523"
"7197","Mountie Megabots","505","51.5","1605","1662","11.8","39.1","0.6","0.55","0.29","-0.1","N/A","N/A","N/A","36-23-0","0.610"
"3770","BlitzCreek","507","51.4","1604","1661","5.3","35.6","10.5","0.27","0.02","0.57","N/A","N/A","N/A","29-15-0","0.659"
"5843","Flurb","516","51.1","1603","1659","12.2","32.9","6","0.44","0","0.39","N/A","N/A","N/A","38-25-0","0.603"
"5152","Alotobots","524","51","1602","1658","7.7","34.4","8.8","0.11","0.21","0.56","N/A","N/A","N/A","22-23-0","0.489"
"10505","NASA Technomos","525","50.9","1602","1658","9.6","41.1","0.3","0.25","0.19","0.07","N/A","N/A","N/A","25-22-0","0.532"
"7656","MC Hammers","541","50.5","1601","1655","8.5","30.7","11.3","0.44","-0.08","0.64","N/A","N/A","N/A","24-18-3","0.567"
"247","Team 247 Da Bears","546","50.5","1600","1655","8.7","34.1","7.7","0.38","-0.23","0.44","N/A","N/A","N/A","21-23-0","0.477"
"4398","Gladiators","559","49.9","1598","1651","8.3","39.6","2.1","0.34","0.26","0.12","N/A","N/A","N/A","35-21-1","0.623"
"6618","WARHBOTS","560","49.9","1598","1651","11.6","34.6","3.7","0.47","0.25","0.13","N/A","N/A","N/A","24-24-0","0.500"
"7501","Golden Gears","571","49.6","1597","1649","8.5","31.8","9.3","0.19","0.13","0.5","N/A","N/A","N/A","24-21-0","0.533"
"5066","Singularity","572","49.6","1597","1649","15.8","32.2","1.7","0.57","0.24","0.12","N/A","N/A","N/A","23-19-0","0.548"
"7196","Tech Tigers","576","49.5","1596","1648","8","35.1","6.3","0.43","0.07","0.34","N/A","N/A","N/A","26-22-0","0.542"
"1188","Ravens","577","49.5","1596","1648","14.4","29.4","5.7","0.54","0.1","0.29","N/A","N/A","N/A","26-18-0","0.591"
"1481","The Riveters","589","49","1595","1645","11.3","31.4","6.4","0.27","0.04","0.15","N/A","N/A","N/A","31-25-0","0.554"
"2771","Code Red Robotics the Stray...","598","48.9","1594","1644","10.7","31.9","6.2","0.36","0.13","0.39","N/A","N/A","N/A","22-20-1","0.523"
"857","Superior Roboworks","616","48.4","1592","1640","12.6","28.1","7.7","0.55","0.04","0.52","N/A","N/A","N/A","23-17-1","0.573"
"10666","Green MachineZ","620","48.3","1592","1640","9","34.3","4.9","0.25","0.1","0.21","N/A","N/A","N/A","26-21-0","0.553"
"4003","TriSonics","621","48.2","1591","1640","8.2","35.5","4.5","0.37","0.15","0.19","N/A","N/A","N/A","24-21-0","0.533"
"6570","Whiteford Bobcats","623","48.1","1591","1639","6.4","31","10.8","0.29","0.12","0.62","N/A","N/A","N/A","27-18-0","0.600"
"1684","The Chimeras","625","48","1591","1638","9.8","31.9","6.3","0.14","0.25","0.21","N/A","N/A","N/A","26-27-0","0.491"
"6637","BetaWolves","629","47.9","1590","1637","13.5","32.1","2.3","0.36","0.33","0.14","N/A","N/A","N/A","20-24-0","0.455"
"3534","House of Cards","634","47.7","1589","1636","8.9","31.2","7.7","0.2","-0.1","0.39","N/A","N/A","N/A","17-14-0","0.548"
"10633","BeeBotics","635","47.7","1589","1636","6.8","39.8","1.1","0.26","0.34","-0.06","N/A","N/A","N/A","25-18-0","0.581"
"5509","Like a Boss","639","47.6","1589","1635","8.6","29","10","0.54","0.17","0.37","N/A","N/A","N/A","25-16-1","0.607"
"5193","Pantheon","651","47.2","1587","1633","10.2","29.8","7.3","0.41","0","0.34","N/A","N/A","N/A","28-30-0","0.483"
"6077","Wiking Kujon","654","47.1","1587","1632","7.2","30.5","9.4","0.23","-0.08","0.65","N/A","N/A","N/A","22-24-1","0.479"
"5436","Cyber Cats","658","47","1586","1631","11.1","27.4","8.5","0.47","0.09","0.46","N/A","N/A","N/A","21-25-0","0.457"
"9558","The Steel Vipers","668","46.6","1585","1629","7.4","31.2","8","0.49","0.23","0.35","N/A","N/A","N/A","25-23-0","0.521"
"5547","The Talons","683","46.3","1584","1627","7.2","31.3","7.8","0.26","-0.03","0.41","N/A","N/A","N/A","23-23-0","0.500"
"4680","AzTech Eagles","685","46.2","1583","1626","3.5","36.4","6.4","0.13","0.01","0.12","N/A","N/A","N/A","33-24-0","0.579"
"1502","Technical Difficulties","687","46.2","1583","1626","10","30.3","5.9","0.42","0.16","0.27","N/A","N/A","N/A","25-25-0","0.500"
"244","RoboDawgs 3D","689","46","1582","1625","6.9","32.6","6.5","0.24","0.09","0.34","N/A","N/A","N/A","29-28-0","0.509"
"8873","Rockefeller Robotics","692","46","1582","1624","7.5","29.5","8.9","0.24","0.02","0.4","N/A","N/A","N/A","27-18-0","0.600"
"141","WOBOT","699","45.9","1582","1624","8.3","27.9","9.7","0.41","-0.13","0.6","N/A","N/A","N/A","22-20-1","0.523"
"9312","NERD Spark","718","45.2","1579","1619","12","26.5","6.7","0.42","-0.07","0.35","N/A","N/A","N/A","33-24-0","0.579"
"6121","RoboVikes","722","45.1","1579","1619","5.8","37.1","2.2","0.29","-0.15","0.15","N/A","N/A","N/A","15-13-0","0.536"
"4779","RoboSapiens","728","45","1578","1618","8.5","29.5","6.9","0.41","-0.01","0.49","N/A","N/A","N/A","23-21-1","0.522"
"8397","Astrobots","732","44.8","1578","1617","9.5","24.3","11","0.32","0.33","0.42","N/A","N/A","N/A","24-20-0","0.545"
"6081","Digital Dislocators","750","44.2","1575","1613","6","32.2","6.1","0.23","-0.15","0.33","N/A","N/A","N/A","16-17-0","0.485"
"4381","Twisted Devils","765","43.9","1574","1610","12.4","25.9","5.7","0.38","-0.12","0.21","N/A","N/A","N/A","43-31-0","0.581"
"7220","Steel Falcons","769","43.8","1574","1610","8.8","30.9","4.2","0.24","0.09","0.31","N/A","N/A","N/A","23-19-1","0.547"
"9176","Greenspire Steel Sturgeons","775","43.6","1573","1608","3.5","33.4","6.6","0.2","0.01","0.51","N/A","N/A","N/A","12-16-0","0.429"
"201","The FEDS","779","43.5","1572","1608","11.8","23.9","7.8","0.37","0.09","0.34","N/A","N/A","N/A","26-29-0","0.473"
"2620","Titans","782","43.5","1572","1607","10.4","25.1","8","0.47","-0.07","0.32","N/A","N/A","N/A","21-21-0","0.500"
"3875","Red Storm Robotics","784","43.4","1572","1607","7.3","29.8","6.3","0.44","0.19","0.28","N/A","N/A","N/A","29-32-0","0.475"
"5530","Greenhills Lawnmowers","801","42.9","1570","1603","10","31.4","1.5","0.48","0.02","0.11","N/A","N/A","N/A","27-30-0","0.474"
"5534","Onaway Onabots","826","42.2","1567","1598","5.7","30.3","6.2","0.28","0.24","0.29","N/A","N/A","N/A","23-22-1","0.511"
"10606","The Foley Flare","829","42.1","1567","1598","7.1","24.7","10.2","0.41","0.13","0.62","N/A","N/A","N/A","22-23-0","0.489"
"8728","Argonauts","834","42","1566","1597","8.7","30.8","2.5","0.43","-0.03","0.04","N/A","N/A","N/A","16-13-0","0.552"
"573","Mech Warriors","837","42","1566","1597","6.9","28.1","7","0.35","0.09","0.31","N/A","N/A","N/A","21-20-0","0.512"
"6088","Stephenson Eagles","838","41.9","1566","1597","4.9","29.7","7.4","0.24","-0.02","0.34","N/A","N/A","N/A","23-22-0","0.511"
"9776","Gator Gears","856","41.6","1565","1595","6.8","32.5","2.2","0.46","0.21","0.13","N/A","N/A","N/A","28-16-0","0.636"
"4362","Gems","857","41.5","1564","1594","10.6","27.4","3.6","0.17","-0.16","0.23","N/A","N/A","N/A","13-16-0","0.448"
"85","B.O.B. (Built on Brains)","869","41.1","1562","1591","8","28.6","4.5","0.41","-0.17","0.22","N/A","N/A","N/A","17-13-0","0.567"
"5533","Electric Horse Power","871","41.1","1562","1591","5.8","31.2","4","0.28","0.22","0.18","N/A","N/A","N/A","12-16-0","0.429"
"3603","Cyber Coyotes","873","41.1","1562","1591","6.7","26.4","7.9","0.33","0.08","0.31","N/A","N/A","N/A","16-25-0","0.390"
"818","The Steel Armadillos","875","41.1","1562","1591","7.4","32","1.6","0.28","0.27","0.05","N/A","N/A","N/A","25-22-0","0.532"
"5314","Ice Bots","886","40.9","1562","1590","8.7","24.6","7.6","0.43","0.08","0.52","N/A","N/A","N/A","22-22-0","0.500"
"6861","The Tyros Team","901","40.5","1560","1587","6.5","27.2","6.8","0.27","0.27","0.42","N/A","N/A","N/A","22-20-0","0.524"
"5053","Lakers","911","40.3","1559","1585","5","31.3","3.9","0.28","0.07","0.09","N/A","N/A","N/A","12-21-0","0.364"
"3658","Robo - Beavers","931","40","1558","1584","5.5","32.4","2.2","0.22","0.16","0.08","N/A","N/A","N/A","14-14-1","0.500"
"3667","Mecanum Knights","934","39.9","1557","1583","9.7","28.8","1.5","0.37","-0.03","0.02","N/A","N/A","N/A","18-11-0","0.621"
"4855","Ramageddon","946","39.6","1556","1581","9.1","27.5","3","0.39","0.2","0.2","N/A","N/A","N/A","22-20-0","0.524"
"4375","Westend Gearbusters","950","39.6","1556","1581","8.5","28.8","2.3","0.3","0.06","0.19","N/A","N/A","N/A","20-29-1","0.410"
"7768","The AutoMatons","966","39.2","1555","1578","7","27.8","4.5","0.3","0.06","0.23","N/A","N/A","N/A","26-21-0","0.553"
"2619","The Charge","967","39.2","1555","1578","9.2","21.5","8.6","0.34","-0.03","0.4","N/A","N/A","N/A","28-18-0","0.609"
"107","Team R.O.B.O.T.I.C.S.","980","38.8","1553","1576","8.1","29.4","1.3","0.53","0.26","0.03","N/A","N/A","N/A","16-25-0","0.390"
"2224","RoboPhoenix","989","38.6","1552","1574","4.6","32.9","1.1","0.27","0.06","-0.02","N/A","N/A","N/A","13-14-0","0.481"
"6090","Wayland Wildcats","997","38.3","1551","1572","9.4","26.3","2.6","0.4","0.04","0.02","N/A","N/A","N/A","12-16-0","0.429"
"894","The Power Chargers","1008","38.1","1550","1571","8.4","22.4","7.3","0.31","0.08","0.31","N/A","N/A","N/A","14-15-0","0.483"
"5695","Heavy Duty Eagles","1014","38","1550","1570","7.3","26.4","4.3","0.43","0.11","0.22","N/A","N/A","N/A","20-21-0","0.488"
"6120","CyberStangs","1042","37.5","1548","1567","9","21.6","7","0.32","0.14","0.38","N/A","N/A","N/A","25-21-0","0.543"
"4392","The Deceivers","1045","37.4","1547","1566","5.8","30","1.6","0.31","-0.05","0.01","N/A","N/A","N/A","16-14-0","0.533"
"66","Grizzly Robotics","1053","37.2","1547","1565","6","26.9","4.3","0.46","0.01","0.25","N/A","N/A","N/A","19-25-0","0.432"
"5110","Roboherd","1057","37.1","1546","1564","6.7","25.7","4.7","0.23","0.14","0.2","N/A","N/A","N/A","23-21-1","0.522"
"5603","The WarriorBots","1069","36.9","1545","1563","8.4","23.9","4.5","0.36","-0.16","0.42","N/A","N/A","N/A","13-18-0","0.419"
"74","Team CHAOS","1080","36.6","1544","1561","3.2","23.3","10","0.22","-0.01","0.64","N/A","N/A","N/A","13-16-1","0.450"
"6033","Gadget Agents","1084","36.6","1544","1561","5.8","21.5","9.3","0.18","0.08","0.38","N/A","N/A","N/A","25-19-0","0.568"
"815","Advanced Power","1086","36.5","1544","1560","7.1","28.6","0.8","0.44","0.06","0.01","N/A","N/A","N/A","25-19-0","0.568"
"1711","RAPTORS","1094","36.4","1543","1559","9.5","18.4","8.4","0.33","-0.07","0.41","N/A","N/A","N/A","20-23-0","0.465"
"8280","K9.0 Robotics","1100","36.3","1543","1559","13.4","20.2","2.8","0.34","0.13","0.13","N/A","N/A","N/A","21-24-0","0.467"
"7054","SC Sailors","1105","36.2","1542","1558","4.6","25.9","5.8","0.31","0.01","0.27","N/A","N/A","N/A","16-13-0","0.552"
"5927","Globetrotters","1108","36.2","1542","1558","6.6","26.7","2.9","0.31","0","0.07","N/A","N/A","N/A","16-12-1","0.569"
"8517","Bounty Hunters","1110","36.1","1542","1557","8.1","25.7","2.3","0.61","0.09","0.09","N/A","N/A","N/A","23-23-0","0.500"
"6877","Mechanical Mustangs","1120","36","1541","1556","5.5","21.4","9.1","0.41","0.18","0.44","N/A","N/A","N/A","10-18-0","0.357"
"9207","Redneck Robotics","1126","35.9","1541","1556","4.7","28","3.2","0.15","0.02","0.09","N/A","N/A","N/A","11-13-0","0.458"
"7160","Ludington O-Bots","1139","35.6","1540","1554","6.2","22.1","7.3","0.25","-0.17","0.36","N/A","N/A","N/A","14-17-0","0.452"
"4327","Q Branch","1148","35.4","1539","1553","7.1","27.3","1","0.34","0.06","0.09","N/A","N/A","N/A","14-35-0","0.286"
"5084","Team FridgeBot","1151","35.4","1539","1552","4.9","26.3","4.2","0.21","-0.07","0.24","N/A","N/A","N/A","18-14-0","0.563"
"8424","Tractor Technicians Next Gen","1158","35.2","1538","1551","8.4","21.8","4.9","0.43","-0.06","0.33","N/A","N/A","N/A","17-13-0","0.567"
"288","The RoboDawgs","1171","35","1537","1550","6","24.9","4.1","0.14","0.02","0.15","N/A","N/A","N/A","21-27-0","0.438"
"10349","Pontiac Firebirds","1176","34.9","1537","1549","7.4","26","1.5","0.43","0.21","0.11","N/A","N/A","N/A","22-21-0","0.512"
"8179","Robo Falcons","1184","34.8","1536","1548","3.4","25.9","5.5","0.07","-0.08","0.21","N/A","N/A","N/A","15-16-1","0.484"
"7226","Error 404","1187","34.7","1536","1547","5.7","25","3.9","0.32","0.08","0.19","N/A","N/A","N/A","17-13-1","0.565"
"5674","The Gearhounds","1194","34.5","1535","1546","3.7","28.3","2.5","0.15","-0.11","0.21","N/A","N/A","N/A","16-13-1","0.550"
"5980","East Grand Rapids Robotics","1196","34.5","1535","1546","5","22.3","7.2","0.26","-0.09","0.33","N/A","N/A","N/A","14-14-0","0.500"
"1504","Desperate Penguins","1213","34.1","1534","1544","5","27.8","1.3","0.2","0.06","-0.05","N/A","N/A","N/A","12-16-0","0.429"
"3688","Norsemen","1214","34.1","1534","1544","4.6","25.7","3.8","0.19","-0.08","0.19","N/A","N/A","N/A","16-13-0","0.552"
"7188","SaddleBots","1220","33.9","1533","1543","4.9","28.8","0.3","0.2","-0.1","-0.11","N/A","N/A","N/A","9-21-0","0.300"
"2959","Robotarians","1222","33.9","1533","1543","7.6","25","1.3","0.14","0.02","0.07","N/A","N/A","N/A","14-16-0","0.467"
"9673","Ithaca Volt Vespids","1223","33.9","1533","1543","5.9","21.2","6.8","0.31","0.24","0.56","N/A","N/A","N/A","20-24-0","0.455"
"5538","Vikingbots","1233","33.7","1532","1541","5.2","21.3","7.3","0.2","0.02","0.38","N/A","N/A","N/A","22-20-2","0.523"
"6078","RoboRams","1234","33.7","1532","1541","3.9","24","5.9","0.17","-0.16","0.28","N/A","N/A","N/A","15-14-0","0.517"
"6152","Robo-Falcons","1241","33.6","1531","1540","6.1","25.6","1.9","0.3","0.06","0","N/A","N/A","N/A","12-17-0","0.414"
"6344","Yale Jiggawattz","1248","33.5","1531","1539","7.7","15.8","10","0.3","0.08","0.47","N/A","N/A","N/A","19-25-1","0.433"
"3452","GreengineerZ","1270","33","1529","1537","4.6","26.8","1.6","0.3","-0.09","0.06","N/A","N/A","N/A","22-22-0","0.500"
"8352","CODE Gold","1286","32.7","1528","1534","5.8","25.4","1.6","0.3","0.28","0.13","N/A","N/A","N/A","25-18-0","0.581"
"4810","I AM Robot","1288","32.7","1527","1534","6.5","25","1.2","0.27","0.09","0.09","N/A","N/A","N/A","15-12-0","0.556"
"8612","Calvin Christian Robotics","1289","32.7","1527","1534","3.8","24.3","4.6","0.06","-0.11","0.04","N/A","N/A","N/A","13-18-0","0.419"
"3537","Delta Force 3537","1293","32.6","1527","1533","6.2","23.5","2.8","0.34","-0.14","0.16","N/A","N/A","N/A","15-28-1","0.352"
"4004","M.A.R.S. Rovers","1302","32.4","1526","1532","6.7","17.7","8.1","0.52","0.07","0.37","N/A","N/A","N/A","15-15-0","0.500"
"5144","LISD TECHnicians","1308","32.4","1526","1532","3.6","27.3","1.5","0.12","-0.09","0.01","N/A","N/A","N/A","16-13-0","0.552"
"9208","Eddies Circuit","1316","32.2","1526","1531","6.1","17.4","8.8","0.28","-0.18","0.42","N/A","N/A","N/A","15-18-0","0.455"
"5641","Byron Robotics","1318","32.1","1525","1530","6.2","24.8","1.1","0.28","-0.09","0.07","N/A","N/A","N/A","12-14-0","0.462"
"2405","Techno Trojans","1325","32","1525","1529","4.9","24.9","2.3","0.24","-0.04","0.12","N/A","N/A","N/A","18-12-0","0.600"
"5086","Cadillac Connectors","1340","31.9","1524","1529","6.1","18.4","7.4","0.32","-0.15","0.41","N/A","N/A","N/A","14-14-0","0.500"
"6100","MS Mobots","1344","31.9","1524","1529","4.5","22.9","4.4","0.17","-0.06","0.19","N/A","N/A","N/A","11-19-0","0.367"
"6569","Gladiators","1349","31.8","1524","1528","3.8","25.7","2.3","0.12","0.04","0.1","N/A","N/A","N/A","9-18-0","0.333"
"9548","NASA Bark River Bronconaughts","1351","31.8","1524","1528","5.3","17.8","8.7","0.08","-0.07","0.49","N/A","N/A","N/A","15-13-0","0.536"
"4961","Shock and Awe-sum","1360","31.6","1523","1527","4.4","26.6","0.7","0.28","-0.18","-0.08","N/A","N/A","N/A","13-13-0","0.500"
"5610","Turbulence","1362","31.6","1523","1527","5.2","16.9","9.5","0.24","-0.14","0.52","N/A","N/A","N/A","10-17-0","0.370"
"5067","Steiner Steel Storm","1371","31.5","1522","1526","4.4","20.9","6.2","0.38","0.14","0.34","N/A","N/A","N/A","9-17-0","0.346"
"7784","Vassar Voltage","1372","31.5","1522","1526","4.8","23.3","3.4","0.17","-0.02","0.17","N/A","N/A","N/A","14-15-0","0.483"
"2673","Tenacious Technicians","1373","31.5","1522","1526","4.4","24.5","2.5","0.27","-0.09","0.22","N/A","N/A","N/A","14-15-0","0.483"
"5676","The H.E.R.O.E.S","1378","31.4","1522","1526","5.6","18.9","7","0.37","-0.15","0.38","N/A","N/A","N/A","13-16-0","0.448"
"9758","Pantron-X","1379","31.4","1522","1526","3.7","27.1","0.6","0.12","0.13","-0.02","N/A","N/A","N/A","13-15-1","0.466"
"3641","The Flying Toasters","1380","31.4","1522","1525","6.3","17.9","7.2","0.35","-0.13","0.38","N/A","N/A","N/A","15-14-1","0.517"
"8373","The Flying Octopi: 8373 R.R.T.","1384","31.4","1522","1525","5.7","23","2.7","0.23","-0.11","0.09","N/A","N/A","N/A","15-16-0","0.484"
"3707","TechnoDogs","1394","31.2","1521","1524","6.1","23.3","1.9","0.33","-0.03","0.08","N/A","N/A","N/A","10-19-0","0.345"
"5424","Rogue Robots","1405","31.1","1521","1523","3.9","23.9","3.3","0.24","-0.02","0.14","N/A","N/A","N/A","14-14-1","0.500"
"10654","Tiger Bytes","1408","31.1","1520","1523","6.7","23.6","0.8","0.55","0.08","0.01","N/A","N/A","N/A","24-22-0","0.522"
"7195","Twin River Robotics","1410","31","1520","1523","6.5","19.5","5.1","0.25","-0.07","0.3","N/A","N/A","N/A","20-23-0","0.465"
"5567","Code Red Robotics","1412","30.9","1520","1522","8","16.2","6.7","0.32","-0.12","0.38","N/A","N/A","N/A","14-14-0","0.500"
"9566","Red Storm Rookies","1418","30.8","1519","1522","6.2","22.1","2.6","0.4","-0.1","0.1","N/A","N/A","N/A","20-29-0","0.408"
"5901","Electric Eels","1419","30.8","1519","1521","2.4","23.6","4.8","0.03","-0.15","0.27","N/A","N/A","N/A","16-15-0","0.516"
"123","Team - Cosmos","1440","30.5","1518","1519","6.3","22.8","1.3","0.39","-0.02","0.04","N/A","N/A","N/A","16-13-0","0.552"
"6087","Cybertronic Lancers","1450","30.3","1517","1518","4.8","22.9","2.5","0.14","-0.16","0.13","N/A","N/A","N/A","16-14-0","0.533"
"8522","Springport High School","1469","30","1516","1516","5.4","22.3","2.3","0.08","-0.09","0.13","N/A","N/A","N/A","11-17-0","0.393"
"5150","Hybrid Hornets","1475","30","1516","1516","7.4","21.1","1.5","0.34","0.13","0.11","N/A","N/A","N/A","21-26-0","0.447"
"1250","Gator-Bots","1476","30","1516","1516","5.2","21.4","3.4","0.2","-0.1","0.04","N/A","N/A","N/A","17-14-0","0.548"
"10690","Cranbrook","1486","29.8","1515","1515","5","22","2.8","0.22","0.03","0.07","N/A","N/A","N/A","14-24-1","0.372"
"7491","Cyber Soldiers","1496","29.7","1514","1514","5.1","22.1","2.5","0.26","-0.12","0.09","N/A","N/A","N/A","12-15-0","0.444"
"6128","M.O.T.O.R (More Than Our Ro...","1522","29.3","1513","1511","5.6","21.8","2","0.27","-0.19","0","N/A","N/A","N/A","14-19-1","0.426"
"9215","T-Town Tech","1525","29.3","1513","1511","6","21","2.3","0.38","-0.04","0.04","N/A","N/A","N/A","15-16-0","0.484"
"9722","Polar Robotics","1526","29.3","1513","1511","5.8","21.8","1.7","0.39","-0.11","0","N/A","N/A","N/A","13-16-0","0.448"
"9227","Backwoods Bots","1529","29.2","1512","1511","6.3","21.8","1.2","0.32","-0.1","-0.02","N/A","N/A","N/A","16-14-0","0.533"
"6085","Green Devil Bots","1538","29.1","1512","1510","4.8","22","2.4","0.02","-0.1","-0.06","N/A","N/A","N/A","17-17-0","0.500"
"5612","Robo-Raptors","1542","29","1511","1509","6.8","21","1.2","0.46","0.07","0.06","N/A","N/A","N/A","12-17-1","0.417"
"9210","Fighting Falcons","1548","28.8","1511","1508","5.6","21","2.2","0.49","0.14","0","N/A","N/A","N/A","12-15-0","0.444"
"7202","Cyber Orioles","1554","28.8","1510","1507","3.8","16.8","8.2","0.2","-0.04","0.4","N/A","N/A","N/A","14-16-1","0.468"
"4998","TESLA","1558","28.7","1510","1507","5.4","18.1","5.2","-0.01","0.06","0.15","N/A","N/A","N/A","25-20-0","0.556"
"7818","Williamston High School Ves...","1561","28.6","1510","1507","4.5","17.3","6.8","0.17","0.06","0.36","N/A","N/A","N/A","13-15-0","0.464"
"4130","The Blue Devils","1563","28.6","1509","1506","5","22.9","0.7","0.19","0.12","-0.07","N/A","N/A","N/A","12-14-0","0.462"
"6114","Hamilton CyberHawks","1565","28.6","1509","1506","3.3","18.4","6.9","0.16","-0.12","0.38","N/A","N/A","N/A","14-17-0","0.452"
"3098","Waterford Robotics","1566","28.6","1509","1506","4.6","23.5","0.5","0.23","-0.01","-0.04","N/A","N/A","N/A","17-16-0","0.515"
"8126","Control Freaks","1568","28.5","1509","1506","3.7","23.9","1","0.12","-0.16","-0.1","N/A","N/A","N/A","16-14-1","0.532"
"5229","Heritage Hawkbots","1579","28.4","1509","1505","4.9","22.2","1.4","0.32","-0.1","0.01","N/A","N/A","N/A","16-13-0","0.552"
"6528","Terror Bytes","1596","28.3","1508","1504","5.4","17.9","5","0.35","-0.16","0.37","N/A","N/A","N/A","16-13-0","0.552"
"7782","Wolverine Circuit Breakers","1604","28.1","1507","1503","5.4","21.5","1.2","0.33","-0.1","-0.09","N/A","N/A","N/A","19-12-0","0.613"
"9572","CC Shambytes","1607","28.1","1507","1503","4","18.8","5.3","0.27","-0.13","0.22","N/A","N/A","N/A","13-16-0","0.448"
"7553","OSTC -  SWEET BOTS","1609","28","1507","1503","5.8","18.4","3.9","0.39","-0.17","0.18","N/A","N/A","N/A","14-13-2","0.517"
"6029","Railbots","1610","28","1507","1503","4.7","14.7","8.7","0.48","0.08","0.63","N/A","N/A","N/A","16-29-0","0.356"
"8285","Bionic Bulldogs","1611","28","1507","1502","5","17.1","6","0.12","-0.02","0.14","N/A","N/A","N/A","13-15-0","0.464"
"3458","Code Blue","1614","28","1507","1502","5.1","21.2","1.6","0.37","-0.03","-0.01","N/A","N/A","N/A","13-16-0","0.448"
"9237","The Dragonators","1624","27.9","1506","1501","4.8","15.7","7.4","0.21","-0.17","0.29","N/A","N/A","N/A","14-16-0","0.467"
"9106","Spires","1635","27.7","1505","1500","2.5","21.5","3.7","-0.1","-0.18","0.22","N/A","N/A","N/A","8-16-0","0.333"
"1","The Juggernauts","1637","27.6","1505","1500","7","15.1","5.6","0.27","0.06","0.24","N/A","N/A","N/A","14-14-0","0.500"
"9251","EliteBots","1643","27.5","1505","1499","7.5","18.6","1.5","0.35","-0.12","0","N/A","N/A","N/A","17-14-0","0.548"
"8362","Circuit Breakers","1658","27.3","1504","1498","7.4","17.5","2.4","0.47","-0.03","-0.05","N/A","N/A","N/A","12-12-0","0.500"
"7250","OsCODEa 0w|5","1661","27.3","1503","1497","4","22.2","1.1","0.31","-0.15","-0.02","N/A","N/A","N/A","15-15-0","0.500"
"5561","Raider Robotics","1672","27.1","1503","1496","3.1","16.7","7.4","0.13","-0.17","0.41","N/A","N/A","N/A","14-15-1","0.483"
"5239","Harper Woods Steamworks","1673","27.1","1503","1496","6.2","14.1","6.9","0.42","0","0.31","N/A","N/A","N/A","14-13-0","0.519"
"5708","Zebrotics","1684","26.9","1502","1495","3.6","20.2","3","0.24","0.04","0.02","N/A","N/A","N/A","6-20-0","0.231"
"1596","The Instigators","1692","26.8","1501","1494","4","22.4","0.4","0.23","-0.16","-0.14","N/A","N/A","N/A","18-12-0","0.600"
"4377","Boyne City Blaze","1702","26.7","1501","1494","4.1","21.5","1.1","-0.09","0.15","0","N/A","N/A","N/A","19-30-0","0.388"
"3632","D-Techs","1714","26.5","1500","1492","2.7","22.4","1.4","0.09","-0.15","0.02","N/A","N/A","N/A","14-17-1","0.453"
"5982","Circuits of Destruction","1720","26.5","1500","1492","5.9","17.2","3.4","0.37","-0.16","0.1","N/A","N/A","N/A","10-17-0","0.370"
"9773","Cardinal Robotics","1724","26.4","1500","1492","5.4","18.3","2.7","0.45","-0.11","0.11","N/A","N/A","N/A","15-13-0","0.536"
"5046","Jacked Up Jackets","1726","26.4","1499","1492","5.6","18.3","2.6","0.24","-0.02","0.14","N/A","N/A","N/A","15-17-0","0.469"
"9757","Mecha Marauders","1727","26.4","1499","1492","4.4","18","4.1","0.17","0.09","-0.01","N/A","N/A","N/A","17-12-0","0.586"
"5555","Spartans","1729","26.4","1499","1492","5","19.6","1.8","0.31","-0.17","0.02","N/A","N/A","N/A","14-15-0","0.483"
"3602","RoboMos","1730","26.4","1499","1491","3.6","21.7","1.1","0.23","-0.16","-0.03","N/A","N/A","N/A","13-15-1","0.466"
"9685","Crystal Oscillators","1731","26.4","1499","1491","7.4","11.8","7.2","0.44","-0.01","0.43","N/A","N/A","N/A","18-31-0","0.367"
"6753","CBA RoboKings","1741","26.2","1498","1490","4","15.3","6.9","0.14","-0.06","0.38","N/A","N/A","N/A","11-15-0","0.423"
"4453","The Red Hot Chili Bots","1751","26","1498","1489","6.9","15","4.2","0.17","-0.1","0.25","N/A","N/A","N/A","27-20-0","0.574"
"9252","Wingspan","1762","25.9","1497","1488","7.5","16.3","2.1","0.41","0.03","-0.03","N/A","N/A","N/A","13-16-0","0.448"
"5050","Cow Town Robotics","1781","25.7","1496","1486","5.2","19.7","0.8","0.25","0.08","0.09","N/A","N/A","N/A","9-17-0","0.346"
"8427","Protobots","1783","25.6","1496","1486","4.4","18.6","2.5","0.17","0.01","0.12","N/A","N/A","N/A","14-12-0","0.538"
"3096","The Village Bulldogs","1784","25.6","1495","1486","3.6","20.8","1.2","0.18","-0.09","-0.1","N/A","N/A","N/A","10-16-0","0.385"
"9226","GRemlins of Gabriel Richard...","1788","25.5","1495","1486","4.3","17.8","3.5","0.17","-0.11","0.18","N/A","N/A","N/A","14-14-0","0.500"
"7210","RoboJackets  7210","1794","25.4","1494","1484","5.9","16.8","2.7","0.34","0","0.01","N/A","N/A","N/A","11-18-1","0.383"
"6566","Battering Rams","1800","25.3","1494","1484","3.1","19.5","2.7","0.06","-0.1","0.08","N/A","N/A","N/A","15-14-1","0.517"
"9255","Botmasterz","1803","25.3","1494","1484","5.2","18.5","1.6","0.25","0.08","-0.06","N/A","N/A","N/A","15-24-1","0.388"
"6914","Retro5ive","1808","25.2","1493","1483","3.9","17.8","3.5","0.1","-0.09","0.07","N/A","N/A","N/A","16-14-0","0.533"
"8374","Bongo Bots","1819","25.1","1493","1483","4.5","19.2","1.3","0.26","-0.17","-0.03","N/A","N/A","N/A","4-20-0","0.167"
"6532","TechnoPaths","1820","25.1","1493","1483","5.2","13.5","6.3","0.42","-0.13","0.28","N/A","N/A","N/A","16-11-1","0.589"
"9771","FPro","1824","25.1","1493","1482","5.8","18.3","1","0.21","-0.07","-0.05","N/A","N/A","N/A","14-16-0","0.467"
"216","More RoboDawgs","1832","25","1493","1482","4.7","18.3","2","0.12","-0.03","0.08","N/A","N/A","N/A","19-20-0","0.487"
"5090","TorqueNados","1835","25","1492","1482","6.3","15.9","2.9","0.22","-0.07","0.19","N/A","N/A","N/A","11-15-0","0.423"
"10665","U-Robotics","1839","24.9","1492","1481","4.6","18.3","2.1","0.34","0.02","0.1","N/A","N/A","N/A","10-18-0","0.357"
"3618","Petoskey Paladins","1842","24.9","1492","1481","6.6","16.4","1.9","0.35","-0.16","0.12","N/A","N/A","N/A","14-15-0","0.483"
"9755","Red Devil Robotics","1861","24.7","1491","1480","3.3","19.5","2","0.23","-0.03","0.05","N/A","N/A","N/A","11-18-1","0.383"
"6098","bIrobot","1865","24.6","1491","1479","6.9","16.2","1.6","0.4","-0.08","0","N/A","N/A","N/A","16-23-0","0.410"
"8193","Steel Stingers","1873","24.5","1490","1479","3.4","19.3","1.9","0.05","-0.16","0.1","N/A","N/A","N/A","17-11-0","0.607"
"5498","The Wired Devils","1886","24.4","1489","1478","3.6","20.3","0.4","0.32","-0.11","-0.02","N/A","N/A","N/A","11-15-1","0.426"
"8611","Cyber Patriots","1888","24.4","1489","1478","4.4","18.4","1.6","0.17","-0.05","-0.01","N/A","N/A","N/A","14-15-0","0.483"
"10612","Cougear","1891","24.3","1489","1477","6.2","14.8","3.3","0.41","-0.01","0.11","N/A","N/A","N/A","10-14-0","0.417"
"5056","MegaHurtz Robotics","1895","24.2","1489","1477","2.7","20.2","1.3","0.06","-0.17","0.03","N/A","N/A","N/A","13-14-0","0.481"
"9671","Robosnacks","1896","24.2","1489","1477","5.7","16.5","2","0.43","-0.12","-0.05","N/A","N/A","N/A","13-17-0","0.433"
"9662","Valley Lutheran High School...","1908","24.1","1488","1476","5.2","15.6","3.2","0.43","-0.05","0.13","N/A","N/A","N/A","11-13-0","0.458"
"6642","Harrison Stingers of Steel","1911","24","1488","1475","3.9","18.5","1.7","0.14","-0.12","0.07","N/A","N/A","N/A","15-12-0","0.556"
"5248","Robo-Saxons","1913","24","1488","1475","3.1","20.3","0.6","0.13","-0.11","-0.02","N/A","N/A","N/A","11-15-0","0.423"
"9743","MV TITANS","1919","23.9","1487","1475","5.9","16.6","1.4","0.36","-0.04","-0.04","N/A","N/A","N/A","15-12-0","0.556"
"10605","Techno Talons","1931","23.8","1486","1474","4.1","17.6","2","0.26","-0.11","0.09","N/A","N/A","N/A","11-14-0","0.440"
"5756","REC'in Crew","1935","23.7","1486","1473","5.7","15.4","2.7","0.2","-0.09","0.13","N/A","N/A","N/A","13-14-1","0.482"
"308","Monsters","1938","23.7","1486","1473","3.2","19.6","0.9","0.2","-0.16","0.02","N/A","N/A","N/A","13-14-0","0.481"
"4851","JungleBots","1942","23.7","1486","1473","3.4","17.8","2.4","0.1","-0.15","-0.04","N/A","N/A","N/A","17-17-0","0.500"
"10672","Trojans","1951","23.6","1485","1472","6.4","14.4","2.9","0.3","-0.12","0.17","N/A","N/A","N/A","10-14-0","0.417"
"5860","Full Metal Muskrats","1961","23.5","1485","1472","5.7","17.8","0","0.42","-0.03","-0.05","N/A","N/A","N/A","14-15-0","0.483"
"6101","Strange Quarks","1965","23.5","1485","1472","6.3","13.5","3.7","0.42","0.01","0.21","N/A","N/A","N/A","15-18-0","0.455"
"9650","Mio-Ausable Thunderbotz","1966","23.5","1485","1472","4.1","17","2.5","0.28","-0.13","0.06","N/A","N/A","N/A","19-22-0","0.463"
"10421","Baldwin Panthers","1974","23.3","1484","1471","5.2","14.3","3.8","0.25","-0.12","0.16","N/A","N/A","N/A","13-17-1","0.435"
"5623","Robotic Rams","1978","23.3","1484","1470","4.6","16","2.8","0.25","-0.16","0.13","N/A","N/A","N/A","11-15-0","0.423"
"10473","Team Lance-B-Bot","1986","23.2","1484","1470","5.4","17.3","0.5","0.37","-0.1","-0.1","N/A","N/A","N/A","9-19-0","0.321"
"10652","Lutheran Northwest Crusaders","1987","23.2","1484","1470","5.3","15.4","2.6","0.43","-0.1","0.05","N/A","N/A","N/A","17-12-0","0.586"
"8300","Titan Robotics","1991","23.2","1483","1470","4","18.1","1.2","0.17","-0.16","-0.01","N/A","N/A","N/A","13-13-0","0.500"
"5167","Vi-Bots","1997","23.1","1483","1469","6","14.8","2.3","0.3","-0.17","0.05","N/A","N/A","N/A","12-14-0","0.462"
"4988","Yooper Troopers","2006","23","1482","1468","4","14.9","4.1","0.14","-0.17","0.04","N/A","N/A","N/A","8-16-0","0.333"
"7716","JLW Formula 01","2024","22.8","1481","1467","4.4","17","1.4","0.25","-0.1","-0.03","N/A","N/A","N/A","9-15-0","0.375"
"5231","The Radical Jays","2029","22.7","1481","1467","4.1","16.6","2","0.3","-0.12","0.03","N/A","N/A","N/A","12-12-0","0.500"
"5559","Gear Grinders","2049","22.6","1480","1466","5.5","14","3.1","0.41","-0.18","0.03","N/A","N/A","N/A","18-17-0","0.514"
"4956","RoboSharks","2058","22.4","1479","1464","4.2","14.6","3.6","0.24","-0.09","0.07","N/A","N/A","N/A","13-16-0","0.448"
"9747","ElectroPanthers II","2060","22.4","1479","1464","4.9","13.7","3.8","0.37","-0.07","0.14","N/A","N/A","N/A","12-12-0","0.500"
"5282","Railroader Robotics","2062","22.4","1479","1464","3.8","12.1","6.4","0.3","-0.11","0.21","N/A","N/A","N/A","7-19-0","0.269"
"1322","GRAYT Leviathons (Genesee R...","2064","22.4","1479","1464","4.2","13.2","4.9","0.05","-0.18","0.26","N/A","N/A","N/A","14-15-0","0.483"
"8895","Redwolves Robotics","2066","22.3","1479","1464","4.7","16.2","1.4","0.33","-0.1","0.01","N/A","N/A","N/A","14-13-0","0.519"
"9618","Tronarchs","2071","22.2","1478","1463","3.6","16.3","2.4","-0.02","-0.04","0.05","N/A","N/A","N/A","18-14-0","0.563"
"240","TEMPEST","2079","22.2","1478","1463","3.9","15.6","2.6","0.19","-0.17","0.06","N/A","N/A","N/A","14-11-1","0.558"
"8767","Dark Horse Robotics","2088","22.1","1478","1462","4.8","16","1.3","0.36","-0.17","0.04","N/A","N/A","N/A","5-19-0","0.208"
"4325","RoboRangers","2090","22","1477","1462","4.3","12.7","5.1","0.35","-0.1","0.16","N/A","N/A","N/A","7-19-0","0.269"
"5926","Da Moose","2104","21.9","1477","1461","5.4","12.1","4.4","0.33","-0.17","0.29","N/A","N/A","N/A","9-17-0","0.346"
"9721","Redhawk Robotics","2106","21.9","1477","1461","3","16.4","2.5","0.13","0.11","0.11","N/A","N/A","N/A","7-17-0","0.292"
"10705","Will Carleton Academy","2110","21.9","1476","1461","5.7","12.7","3.4","0.45","-0.01","0.11","N/A","N/A","N/A","9-15-0","0.375"
"4737","Atomigators","2114","21.8","1476","1460","6.2","13.8","1.9","0.34","-0.07","0.06","N/A","N/A","N/A","8-18-0","0.308"
"5531","Orange Crush","2117","21.8","1476","1460","5.9","13.7","2.2","0.33","-0.11","0.07","N/A","N/A","N/A","9-15-0","0.375"
"9242","Hamady Hawks","2129","21.7","1476","1460","4","14.2","3.5","0.11","-0.07","-0.01","N/A","N/A","N/A","15-16-1","0.484"
"5878","The Great Lakers","2138","21.6","1475","1459","3.7","16.9","1","0.16","-0.16","0.01","N/A","N/A","N/A","15-15-0","0.500"
"5525","Alcona Tool Cats","2140","21.6","1475","1459","4.8","14.5","2.3","0.35","-0.11","0.16","N/A","N/A","N/A","11-17-0","0.393"
"7289","Blue Eagles","2148","21.5","1475","1458","5.8","15.1","0.6","0.11","-0.1","-0.04","N/A","N/A","N/A","8-17-1","0.327"
"6616","Mechanical Pumas","2155","21.5","1474","1458","2.8","17.8","0.9","0.05","-0.16","-0.01","N/A","N/A","N/A","15-13-0","0.536"
"9756","Robo Panthers","2156","21.4","1474","1458","2.9","17.1","1.5","0.07","-0.04","0","N/A","N/A","N/A","10-14-0","0.417"
"8041","Lake City Ultrabots","2167","21.3","1473","1457","3.5","14.2","3.6","0.19","-0.1","0.27","N/A","N/A","N/A","13-17-0","0.433"
"5462","2Paw Robotics","2172","21.3","1473","1457","3","15.9","2.4","0.06","-0.01","0.13","N/A","N/A","N/A","14-13-0","0.519"
"7856","UPAD  Fusion","2174","21.3","1473","1457","6.6","11.6","3.1","0.49","-0.17","0.11","N/A","N/A","N/A","10-14-0","0.417"
"6067","The Underdogs","2193","21","1472","1455","6.3","12.9","1.8","0.38","-0.05","-0.09","N/A","N/A","N/A","11-13-0","0.458"
"9182","Tech Tr1be","2206","20.9","1471","1454","5.7","13.8","1.4","0.36","-0.1","0.12","N/A","N/A","N/A","12-19-2","0.394"
"5213","St. Ignace SHIELD","2210","20.9","1471","1454","2.6","14.7","3.6","0.02","-0.16","0.16","N/A","N/A","N/A","7-21-0","0.250"
"5527","Cyber Phoenix","2211","20.9","1471","1454","4.4","14.3","2.2","0.29","-0.12","-0.01","N/A","N/A","N/A","11-16-0","0.407"
"5162","The Big Red Theory","2219","20.8","1471","1454","4.1","14.7","2.1","0.26","-0.04","0","N/A","N/A","N/A","18-18-0","0.500"
"9249","Copper Country Cats","2226","20.8","1470","1453","4.4","15.2","1.2","0.39","-0.12","0.03","N/A","N/A","N/A","18-10-0","0.643"
"5256","Atomics","2238","20.6","1469","1452","3.2","15.5","1.9","0.06","-0.07","0.12","N/A","N/A","N/A","7-17-0","0.292"
"8286","Farwell Robotics","2241","20.6","1469","1452","3.5","15.3","1.8","0.25","-0.08","-0.02","N/A","N/A","N/A","11-14-0","0.440"
"6588","Counter-Torque Robotics","2248","20.6","1469","1452","6","12.5","2.1","0.37","-0.09","0.07","N/A","N/A","N/A","17-12-1","0.583"
"9241","EV ROBOTICS","2251","20.6","1469","1452","5.3","11.8","3.5","0.29","0.01","0.24","N/A","N/A","N/A","12-13-0","0.480"
"4395","Dundee Vi-Borgs","2253","20.5","1469","1452","3.9","12.6","4.1","0.11","-0.05","0.1","N/A","N/A","N/A","8-18-0","0.308"
"9188","Pantherbots2","2259","20.5","1469","1452","3.9","15.1","1.6","0.15","-0.07","0.01","N/A","N/A","N/A","10-14-0","0.417"
"5486","Robotic Turmoil","2269","20.5","1468","1451","3.5","15.5","1.5","0.05","-0.18","0.02","N/A","N/A","N/A","11-15-0","0.423"
"3302","TurboTrojans","2274","20.4","1468","1450","2.5","16.3","1.6","0.08","-0.12","0.08","N/A","N/A","N/A","11-14-0","0.440"
"5235","Gears of Fortune","2278","20.3","1468","1450","5","10","5.3","0.05","-0.17","0.3","N/A","N/A","N/A","10-18-0","0.357"
"6112","Cyberstangs","2284","20.2","1467","1449","3.4","9.9","7","0.3","-0.06","0.37","N/A","N/A","N/A","9-19-1","0.328"
"6099","Knight Riders","2296","20.1","1466","1449","4.4","13.9","1.8","0.25","-0.1","-0.04","N/A","N/A","N/A","14-16-0","0.467"
"9648","Circuit Breakers","2301","20.1","1466","1448","6.1","11.5","2.5","0.52","0.02","0.08","N/A","N/A","N/A","14-14-1","0.500"
"9541","M-stee (squared)","2303","20","1466","1448","5.6","12.8","1.6","0.33","-0.16","0.04","N/A","N/A","N/A","13-11-0","0.542"
"5197","Northwestern","2305","20","1466","1448","5","12.2","2.8","0.22","-0.09","0.24","N/A","N/A","N/A","9-15-0","0.375"
"8297","WIHI Robo Wolves","2309","20","1466","1448","5.8","12.5","1.7","0.18","-0.11","0.1","N/A","N/A","N/A","12-12-0","0.500"
"10629","Bath High School Fighting B...","2311","20","1466","1448","4.1","13.6","2.3","0.23","-0.03","0.03","N/A","N/A","N/A","11-12-1","0.479"
"4835","Junkyard Dawgs","2313","20","1466","1448","4.4","14.8","0.8","0.25","-0.01","0.01","N/A","N/A","N/A","11-13-0","0.458"
"5501","Bobcats","2314","20","1466","1448","4.1","13.7","2.2","0.2","-0.1","-0.04","N/A","N/A","N/A","12-14-0","0.462"
"830","The RatPack","2315","19.9","1465","1448","4","12.1","3.8","0.12","0.01","0.11","N/A","N/A","N/A","16-16-0","0.500"
"3568","Linden RoboEagles","2317","19.9","1465","1448","5.3","15.4","-0.7","0.17","-0.08","-0.05","N/A","N/A","N/A","8-16-0","0.333"
"9754","Vestabots","2319","19.9","1465","1447","5.5","11.6","2.8","0.35","-0.06","0.21","N/A","N/A","N/A","10-14-0","0.417"
"4216","Blue Ops Robotics","2326","19.8","1465","1447","3.1","14.7","2.1","0.24","-0.17","0.04","N/A","N/A","N/A","10-14-0","0.417"
"7256","Irish Robotics","2328","19.8","1465","1447","4.4","13.3","2.2","0.29","-0.17","0.09","N/A","N/A","N/A","13-11-0","0.542"
"8426","Automated Amphibians","2329","19.8","1465","1447","5.3","11.2","3.3","0.19","-0.08","0","N/A","N/A","N/A","12-20-0","0.375"
"4384","Benzene Bots","2335","19.8","1464","1446","3.9","15.6","0.3","0.26","-0.03","-0.09","N/A","N/A","N/A","13-14-0","0.481"
"904","D Cubed","2338","19.7","1464","1446","4.3","11.2","4.4","0.02","-0.08","0.21","N/A","N/A","N/A","12-14-0","0.462"
"9703","Q_Bots","2346","19.7","1464","1446","4.4","12.8","2.5","0.2","-0.16","0.05","N/A","N/A","N/A","7-16-1","0.313"
"6073","Cav-Bots","2366","19.6","1463","1445","3.8","12.8","2.9","0.25","-0.18","0.13","N/A","N/A","N/A","13-11-1","0.540"
"9733","Gold Diggers","2368","19.6","1463","1445","5.1","14","0.4","0.44","-0.05","-0.15","N/A","N/A","N/A","7-17-0","0.292"
"5234","MarauderBots","2372","19.5","1463","1445","5.3","10.2","4.1","0.22","-0.17","0.08","N/A","N/A","N/A","11-19-0","0.367"
"5227","Eagle Elite","2385","19.4","1462","1444","3.4","13.3","2.7","0.24","-0.12","0.08","N/A","N/A","N/A","11-14-0","0.440"
"5247","Red Devil Robotics","2388","19.4","1462","1444","4","11.8","3.5","0.16","-0.16","0.06","N/A","N/A","N/A","10-14-0","0.417"
"10613","AEA Alterbots","2390","19.3","1462","1444","4.4","12.5","2.4","0.44","-0.16","0.06","N/A","N/A","N/A","11-13-0","0.458"
"10642","Comstock Colts","2394","19.3","1462","1443","5.1","12.6","1.7","0.18","-0.18","-0.07","N/A","N/A","N/A","13-11-0","0.542"
"10656","RataToaster (Valkyries)","2403","19.3","1461","1443","3.1","10.2","6","0.24","-0.18","0.37","N/A","N/A","N/A","12-24-0","0.333"
"5205","FullMetal-Jackets","2406","19.3","1461","1443","4.3","12.8","2.2","0.11","-0.09","0.07","N/A","N/A","N/A","11-16-0","0.407"
"7145","Robocanes","2407","19.3","1461","1443","2","13.7","3.5","-0.04","-0.09","0.15","N/A","N/A","N/A","10-17-1","0.375"
"4983","IronBots","2422","19.1","1461","1442","5.4","12.1","1.6","0.61","0.05","-0.01","N/A","N/A","N/A","12-15-0","0.444"
"9183","RoboComets","2424","19.1","1460","1442","4.6","11.4","3","0.18","-0.16","0.03","N/A","N/A","N/A","10-18-0","0.357"
"5532","The Panther Bots","2426","19.1","1460","1442","4.7","12.8","1.6","0.45","-0.09","0.11","N/A","N/A","N/A","17-13-0","0.567"
"10587","Windover Wing Nuts","2440","18.9","1459","1441","5.9","10.1","3","0.26","-0.08","0.06","N/A","N/A","N/A","6-18-0","0.250"
"7865","HODAbotics","2455","18.8","1459","1440","5.5","11.1","2.2","0.23","-0.16","-0.02","N/A","N/A","N/A","14-17-0","0.452"
"4827","Minerbotics","2463","18.8","1458","1440","4.3","14.1","0.4","0.28","-0.01","-0.03","N/A","N/A","N/A","10-16-0","0.385"
"8423","Next Express","2468","18.7","1458","1439","4.6","11.4","2.8","0.27","-0.1","0.28","N/A","N/A","N/A","15-15-0","0.500"
"10659","Jaguar Byte","2471","18.7","1458","1439","4.3","13.4","1","0.13","-0.12","-0.02","N/A","N/A","N/A","9-14-1","0.396"
"10651","Gear Cats","2473","18.7","1458","1439","4","12.6","2.2","0.26","-0.17","0.1","N/A","N/A","N/A","9-15-0","0.375"
"10614","AEA Robolution","2496","18.5","1457","1438","3.6","13.4","1.5","0.34","-0.07","0.01","N/A","N/A","N/A","11-13-0","0.458"
"314","The Megatron Oracles","2510","18.4","1456","1437","3.9","12.9","1.6","0.29","-0.18","0.06","N/A","N/A","N/A","10-14-0","0.417"
"4768","Cody "The Green Comet"","2539","18.1","1454","1435","3.6","11.6","3","0.24","-0.16","0.14","N/A","N/A","N/A","11-13-0","0.458"
"7794","Marion Eagle Engineers","2542","18.1","1454","1435","4.2","11.4","2.4","0.41","-0.16","0.02","N/A","N/A","N/A","7-17-0","0.292"
"7814","RV Gearheads","2547","18","1454","1435","4.3","10.7","3.1","0.29","-0.03","0.05","N/A","N/A","N/A","11-13-0","0.458"
"6591","Panther Powered Robotics 6591","2553","18","1454","1435","3.9","12.6","1.5","0.1","-0.11","0.05","N/A","N/A","N/A","7-17-0","0.292"
"7660","The Byting Irish","2554","18","1454","1435","2.3","12.8","3","0.12","-0.1","0.09","N/A","N/A","N/A","13-20-0","0.394"
"5517","The Engineers on Fire","2555","18","1453","1434","6.5","8.4","3.1","0.18","-0.04","0.1","N/A","N/A","N/A","11-15-0","0.423"
"7248","Tactical Hams","2561","18","1453","1434","5.5","9.3","3.2","0.24","-0.15","0.14","N/A","N/A","N/A","9-17-0","0.346"
"4994","Kingston Robo-Cards","2576","17.9","1453","1434","7.5","8.5","1.9","0.2","0.01","0.05","N/A","N/A","N/A","12-14-0","0.462"
"7225","Mechatronic Mustangs","2581","17.9","1452","1433","4.5","12","1.3","0.42","0.02","0.07","N/A","N/A","N/A","10-14-0","0.417"
"3773","Arrowhead Robotics","2583","17.8","1452","1433","2.6","12.2","3","0.17","0.04","0.09","N/A","N/A","N/A","8-16-0","0.333"
"7772","The Lucky 7's","2587","17.8","1452","1433","3.6","13.1","1.1","0.05","-0.12","0.01","N/A","N/A","N/A","7-20-0","0.259"
"9742","Walkerville Wildcats","2590","17.8","1452","1433","4.7","10.9","2.2","0.37","0.06","0.13","N/A","N/A","N/A","10-16-0","0.385"
"7811","Flamin' Hot Tigers","2592","17.8","1452","1433","4.3","12.1","1.3","0.34","-0.1","-0.02","N/A","N/A","N/A","13-13-0","0.500"
"7809","Valhalla Nation","2607","17.6","1451","1432","3.5","11.9","2.2","-0.02","-0.19","0.19","N/A","N/A","N/A","10-14-0","0.417"
"6091","Eagle 1","2608","17.6","1451","1432","5.1","10.1","2.4","0.41","-0.17","0.08","N/A","N/A","N/A","10-13-1","0.438"
"8899","CyberEagles","2612","17.5","1450","1431","4.2","11.3","2.1","0.24","-0.05","0.06","N/A","N/A","N/A","5-7-0","0.417"
"9661","Huskie STEAM","2615","17.5","1450","1431","2.3","12.9","2.3","0.18","-0.05","0.05","N/A","N/A","N/A","12-15-0","0.444"
"5560","Central Lake Trobotics","2617","17.5","1450","1431","3.8","12.7","1.1","0.16","-0.16","-0.01","N/A","N/A","N/A","11-14-1","0.442"
"5214","The Mighty CavBots","2622","17.4","1450","1431","3.6","11.3","2.5","0.24","-0.18","0.02","N/A","N/A","N/A","9-15-0","0.375"
"7254","Knowmads","2624","17.4","1450","1431","5.1","8.7","3.7","0.29","-0.11","0.18","N/A","N/A","N/A","7-16-1","0.313"
"9638","Tigers, Bro","2625","17.4","1450","1431","2.1","12.8","2.5","0.08","-0.13","0.12","N/A","N/A","N/A","6-17-1","0.271"
"10181","ProtoWarriors","2645","17.2","1448","1429","4.3","11.4","1.5","0.3","-0.16","-0.08","N/A","N/A","N/A","7-21-0","0.250"
"5183","Devil Bots","2648","17.2","1448","1429","3.2","11.9","2.2","0.17","-0.13","0.03","N/A","N/A","N/A","11-12-1","0.479"
"9735","Electric Dragons","2658","17.1","1448","1428","5.1","10.7","1.3","0.34","-0.05","0","N/A","N/A","N/A","6-18-0","0.250"
"9205","Technical Marauders1","2663","17.1","1447","1428","3.5","12.6","1","0.27","-0.17","0","N/A","N/A","N/A","8-16-0","0.333"
"6057","Thunderbots","2670","17.1","1447","1428","2.1","10.4","4.6","0.06","-0.1","0.17","N/A","N/A","N/A","7-17-0","0.292"
"10622","Gwinn ModelBots","2675","17","1447","1428","4.2","10.3","2.5","0.32","-0.09","0.03","N/A","N/A","N/A","12-12-0","0.500"
"7808","Kalkaska Dragoneers 7808","2706","16.8","1445","1426","4.6","10.2","2","0.26","0.02","0.04","N/A","N/A","N/A","7-17-0","0.292"
"9672","Colon Magi Robotics","2716","16.7","1445","1426","3.3","11.2","2.2","0.35","-0.16","0","N/A","N/A","N/A","13-13-0","0.500"
"7810","Eagle Robotics","2719","16.7","1444","1425","4.4","8.9","3.3","0.33","-0.19","0.18","N/A","N/A","N/A","11-22-0","0.333"
"5263","Robo-Bucs","2726","16.6","1444","1425","3.2","9.1","4.3","-0.07","-0.18","0.21","N/A","N/A","N/A","9-15-0","0.375"
"94","The  TechnoJays","2732","16.6","1444","1425","5.2","9.3","2.1","0.27","-0.06","0","N/A","N/A","N/A","7-17-0","0.292"
"8115","Platinum Peacocks","2742","16.5","1443","1424","3.7","9.3","3.5","0.31","-0.17","0.22","N/A","N/A","N/A","6-21-0","0.222"
"6079","JET SET","2743","16.5","1443","1424","2.7","10.4","3.4","0.02","-0.16","0.17","N/A","N/A","N/A","9-19-0","0.321"
"6631","Rocket Robotics","2749","16.5","1443","1424","4.7","9.7","2.1","0.43","-0.17","0.1","N/A","N/A","N/A","6-18-0","0.250"
"9679","Madison Eagles","2754","16.4","1443","1424","5.6","8.2","2.7","0.35","-0.06","0.21","N/A","N/A","N/A","12-12-0","0.500"
"9594","Ashley  Bears","2760","16.4","1442","1424","3.1","12.2","1.1","0.26","-0.17","-0.08","N/A","N/A","N/A","8-18-0","0.308"
"9528","The Wolf Pack","2763","16.4","1442","1423","4.1","10.7","1.6","0.18","-0.17","0.03","N/A","N/A","N/A","9-15-0","0.375"
"8774","REST Robotics","2765","16.4","1442","1423","2.7","11.6","2","0.04","-0.18","0.05","N/A","N/A","N/A","11-13-0","0.458"
"8832","AutoDawgs","2775","16.2","1441","1422","4.9","9.4","1.9","0.1","-0.04","0.1","N/A","N/A","N/A","9-15-0","0.375"
"9674","Trojan Power Robotics","2791","16.1","1440","1422","3.2","10.7","2.3","0.14","-0.12","0.07","N/A","N/A","N/A","5-22-0","0.185"
"9697","Bionic Bucs","2803","16.1","1440","1421","4.6","9.8","1.7","0.17","-0.09","0.02","N/A","N/A","N/A","5-19-0","0.208"
"7762","AutoPilots","2811","16","1440","1421","6.1","7.9","2.1","0.26","-0.18","0.15","N/A","N/A","N/A","17-17-0","0.500"
"9225","Wired Wildcats","2828","15.9","1439","1420","4.1","10.2","1.6","0.15","-0.06","0.05","N/A","N/A","N/A","6-17-1","0.271"
"5702","Robotowatomi","2837","15.8","1438","1420","4.5","9.4","1.9","0.35","-0.1","-0.01","N/A","N/A","N/A","6-18-0","0.250"
"5470","The Cowpunchers","2845","15.8","1438","1419","3.7","10.4","1.7","0.19","-0.03","0.04","N/A","N/A","N/A","6-18-0","0.250"
"4758","RoboBlazers","2853","15.7","1438","1419","3.2","10.6","2","-0.04","-0.16","0.02","N/A","N/A","N/A","9-15-0","0.375"
"6094","Manic Mechanics","2855","15.7","1438","1419","4.3","9.3","2.1","0.23","-0.13","0.03","N/A","N/A","N/A","10-14-0","0.417"
"7178","Yeti","2859","15.7","1437","1419","4.1","9.2","2.4","0.09","-0.04","0.09","N/A","N/A","N/A","8-16-0","0.333"
"10664","Big Reds","2866","15.6","1437","1418","4.9","9.5","1.2","0.26","-0.11","-0.04","N/A","N/A","N/A","8-16-0","0.333"
"2246","The Army of Sum","2870","15.6","1437","1418","2.4","10.1","3.1","-0.03","-0.09","0.17","N/A","N/A","N/A","11-13-0","0.458"
"9206","GRP Titans","2877","15.5","1436","1418","4.6","10.2","0.7","0.2","-0.15","0.02","N/A","N/A","N/A","9-15-0","0.375"
"10668","WAY Flint","2893","15.3","1435","1416","4.2","9","2.2","0.32","-0.05","0.07","N/A","N/A","N/A","8-17-0","0.320"
"4854","Trobots","2910","15.2","1434","1416","4.3","9.7","1.2","0.12","-0.09","0.07","N/A","N/A","N/A","8-16-0","0.333"
"9248","Orchard View Cyber Cardinals","2913","15.2","1434","1415","4.2","8","3","0.07","-0.21","0.07","N/A","N/A","N/A","10-14-0","0.417"
"7911","Scrap Cat Robotics","2914","15.2","1434","1415","4.7","6.6","3.9","0.14","-0.22","0.06","N/A","N/A","N/A","11-18-0","0.379"
"8124","BearBots","2917","15.2","1433","1415","4.5","8.7","2","0.15","-0.17","0.04","N/A","N/A","N/A","9-15-0","0.375"
"5182","Chieftainators","2925","15.1","1433","1415","4.4","9.6","1.1","0.13","-0.11","-0.02","N/A","N/A","N/A","9-15-0","0.375"
"10577","Tars (Truly astonishing rob...","2932","15","1432","1414","5.4","8.1","1.5","0.47","-0.02","0.01","N/A","N/A","N/A","7-19-0","0.269"
"6113","M.A.R.C. 1","2945","14.9","1431","1413","3.7","8.6","2.6","0.24","-0.11","0.18","N/A","N/A","N/A","6-18-0","0.250"
"10285","Sacred Heart Blue and Gold ...","2949","14.9","1431","1413","3.8","9.6","1.5","0.28","-0.13","0.01","N/A","N/A","N/A","8-16-0","0.333"
"9542","Technodogs","2957","14.8","1431","1413","3","9.6","2.2","0.04","-0.18","0.08","N/A","N/A","N/A","10-14-0","0.417"
"6538","Linc-Bots","2960","14.8","1431","1413","3.5","6.4","4.9","0.3","-0.16","0.23","N/A","N/A","N/A","7-17-0","0.292"
"9239","Panthers robotics","2969","14.7","1430","1412","3.9","9.2","1.6","0.26","-0.13","0.08","N/A","N/A","N/A","12-12-0","0.500"
"10547","United Phoenix","2978","14.6","1429","1412","3.3","10.5","0.9","0.16","-0.11","-0.08","N/A","N/A","N/A","8-16-0","0.333"
"6533","BeaverTech","2979","14.6","1429","1411","3.6","8.8","2.2","0.27","-0.17","0.12","N/A","N/A","N/A","11-13-0","0.458"
"5704","Weird & Wired","2991","14.5","1428","1411","3.8","8.7","1.9","0.27","-0.11","0.05","N/A","N/A","N/A","8-17-0","0.320"
"280","TnT","3022","14.2","1426","1409","2.5","10.6","1.1","0.02","-0.19","-0.08","N/A","N/A","N/A","10-19-0","0.345"
"4568","Robot Commander","3037","14.1","1425","1408","2.8","10.2","1.1","0.15","-0.09","-0.02","N/A","N/A","N/A","8-16-0","0.333"
"1940","Tech Tigers 1940","3044","14","1425","1407","3.5","7.8","2.7","0.17","-0.16","0.1","N/A","N/A","N/A","3-9-0","0.250"
"5504","The Loose Connections","3048","14","1424","1407","2.6","7.5","4","0.05","-0.18","0.24","N/A","N/A","N/A","4-20-0","0.167"
"5225","The Shambotz","3059","13.9","1424","1407","3.6","7.4","2.9","0.18","-0.11","0.11","N/A","N/A","N/A","9-15-0","0.375"
"9549","The Mechadogs","3070","13.8","1423","1406","3.4","8.9","1.5","0.11","-0.17","0.18","N/A","N/A","N/A","5-18-1","0.229"
"5697","Bearcats","3077","13.7","1422","1406","2.9","9.6","1.2","-0.05","-0.13","0.09","N/A","N/A","N/A","11-13-0","0.458"
"9238","Jaybots","3089","13.6","1422","1405","2.6","9.3","1.8","0.04","-0.17","-0.01","N/A","N/A","N/A","7-17-0","0.292"
"7597","Team HorsePowered","3096","13.6","1421","1404","2.9","8.2","2.4","0.02","-0.17","0.05","N/A","N/A","N/A","10-14-0","0.417"
"6071","The Aluminators","3102","13.5","1420","1404","2.5","8.5","2.4","0.01","-0.18","0.14","N/A","N/A","N/A","8-16-0","0.333"
"9736","Tawas Braves","3112","13.4","1419","1403","4.4","6.2","2.8","0.23","-0.17","0.07","N/A","N/A","N/A","9-14-1","0.396"
"6428","STEMINEERS","3113","13.4","1419","1403","3.7","7.7","2","0.15","-0.19","0.17","N/A","N/A","N/A","7-16-1","0.313"
"7109","Clare Chaos Theory","3124","13.3","1419","1403","3.5","6.2","3.6","0.02","-0.17","0.31","N/A","N/A","N/A","8-16-0","0.333"
"5065","Knights #5065","3125","13.3","1419","1402","3.8","8.2","1.3","0.21","-0.12","-0.03","N/A","N/A","N/A","9-15-0","0.375"
"8364","Rising Stars Academy - Nebulas","3134","13.2","1418","1402","3.2","8.6","1.3","0.04","-0.11","0.02","N/A","N/A","N/A","8-16-0","0.333"
"9731","All Saints Cougars","3153","13","1417","1401","3.1","7.7","2.2","0.16","-0.04","0.04","N/A","N/A","N/A","7-17-0","0.292"
"10590","Compass Team","3155","13","1417","1401","3.5","7.1","2.5","0.06","-0.08","0.04","N/A","N/A","N/A","12-14-2","0.464"
"7147","Rising Falcons","3164","12.9","1416","1400","4.2","6.5","2.2","-0.04","-0.12","0.04","N/A","N/A","N/A","9-15-0","0.375"
"5642","Mumford Mechanical Mustangs","3173","12.9","1415","1400","3.1","8.7","1.1","0.28","-0.17","0.06","N/A","N/A","N/A","8-16-0","0.333"
"1528","MTR (Monroe Trojan Robotics)","3175","12.9","1415","1400","6.2","5.2","1.6","0.33","-0.13","-0.03","N/A","N/A","N/A","8-16-0","0.333"
"8519","Iron Eagles","3200","12.6","1413","1398","4.9","5.9","1.9","0.25","-0.1","0.08","N/A","N/A","N/A","9-14-1","0.396"
"3234","Red Arrows","3208","12.5","1412","1397","3","4.7","4.8","0.17","-0.07","0.25","N/A","N/A","N/A","10-14-0","0.417"
"9212","Infinity","3220","12.4","1411","1396","1.8","9.3","1.2","0.04","-0.16","-0.12","N/A","N/A","N/A","7-17-0","0.292"
"453","Rockem Sockem Robotics","3228","12.2","1410","1395","4.4","6.1","1.7","0.29","-0.12","0.01","N/A","N/A","N/A","11-13-0","0.458"
"6610","Robot Roll Call","3231","12.2","1410","1395","4.6","5.9","1.8","0.3","-0.04","0","N/A","N/A","N/A","6-18-0","0.250"
"6963","Blood Sweat and Gears","3235","12.2","1410","1395","3","8","1.2","0.02","-0.12","0.1","N/A","N/A","N/A","7-17-0","0.292"
"9203","Quake","3243","12.1","1409","1395","4.6","6.2","1.3","0.15","-0.17","-0.01","N/A","N/A","N/A","11-13-0","0.458"
"6190","Cybernetic Crusaders","3249","12.1","1408","1394","5.1","5.9","1.1","0.3","-0.1","0.04","N/A","N/A","N/A","10-14-0","0.417"
"9568","AstroBots","3253","12.1","1408","1394","3.7","6.7","1.7","0.26","-0.17","0.01","N/A","N/A","N/A","11-13-0","0.458"
"6558","Aluminum Sting","3258","11.9","1407","1393","2.7","7.9","1.3","0.08","-0.17","0.01","N/A","N/A","N/A","8-16-0","0.333"
"8385","Metal Madness","3275","11.7","1406","1392","4.4","5.2","2.2","0.15","-0.17","0.17","N/A","N/A","N/A","9-15-0","0.375"
"4390","ATA Coregears","3293","11.5","1404","1391","4.3","6.9","0.4","0.15","-0.09","0.06","N/A","N/A","N/A","6-18-0","0.250"
"7692","Beach Bums  7692","3300","11.5","1403","1390","3.6","5.9","2","0.34","-0.05","0.01","N/A","N/A","N/A","9-16-0","0.360"
"5478","Pershing Doughbots","3319","11.3","1401","1389","2.6","8","0.7","0.08","-0.17","-0.03","N/A","N/A","N/A","8-16-0","0.333"
"5260","Owosso Robotics","3320","11.3","1401","1389","1.2","8.7","1.4","-0.14","-0.19","-0.09","N/A","N/A","N/A","6-18-0","0.250"
"9148","Atlas","3322","11.2","1401","1389","2.6","7.9","0.7","0.2","-0.12","-0.08","N/A","N/A","N/A","5-19-0","0.208"
"9651","Ecorse Robo Raiders","3333","11.2","1400","1388","2.9","7.7","0.5","0.08","-0.1","-0.14","N/A","N/A","N/A","15-16-0","0.484"
"9759","Forge of Falcon","3346","11.1","1399","1387","3.1","7.1","0.9","0.18","-0.1","-0.05","N/A","N/A","N/A","10-16-0","0.385"
"10667","Genesee Wolves","3355","11","1399","1387","3.8","5.2","1.9","0.22","-0.08","-0.01","N/A","N/A","N/A","9-15-0","0.375"
"7813","New Haven Nuts and Bolts","3357","10.9","1398","1387","4.2","5.2","1.5","0.3","-0.18","0.04","N/A","N/A","N/A","7-17-0","0.292"
"9751","PantherBots","3380","10.8","1397","1385","3.8","4.8","2.2","0.03","-0.16","0.12","N/A","N/A","N/A","8-15-1","0.354"
"5467","RoboTractors","3397","10.6","1395","1384","2","6.2","2.5","0.02","-0.18","0.08","N/A","N/A","N/A","8-16-0","0.333"
"9204","Aluminum Armada","3423","10.3","1392","1382","3","6.1","1.2","0.09","-0.18","0.01","N/A","N/A","N/A","7-15-2","0.333"
"3619","Blackhawks","3433","10.2","1392","1381","3.3","5.1","1.8","0.04","-0.09","0.08","N/A","N/A","N/A","8-16-0","0.333"
"5706","Tahquamenon Phenomenon","3441","10.1","1391","1381","2.5","6.3","1.3","0.14","-0.2","0.08","N/A","N/A","N/A","9-15-0","0.375"
"10607","DAAS Jaguars","3466","9.8","1388","1379","1.7","6.4","1.7","-0.02","-0.15","0.03","N/A","N/A","N/A","6-18-0","0.250"
"5619","RoboJags","3469","9.8","1387","1378","2.5","5.8","1.5","0.17","-0.1","-0.01","N/A","N/A","N/A","7-17-0","0.292"
"7713","Norse Code","3472","9.7","1387","1378","2.6","4.8","2.4","0.01","-0.18","-0.02","N/A","N/A","N/A","5-19-0","0.208"
"9455","DinoMights","3486","9.5","1385","1377","3.2","4.8","1.6","-0.07","-0.16","0","N/A","N/A","N/A","6-17-1","0.271"
"6561","Omecha Wolf Pack","3491","9.4","1385","1376","3.7","3.9","1.8","0.06","-0.17","-0.05","N/A","N/A","N/A","8-16-0","0.333"
"10595","Big Bay de Noc Black Bears","3498","9.4","1384","1376","3.1","4.1","2.2","0.14","-0.18","-0.08","N/A","N/A","N/A","6-18-0","0.250"
"9682","(un)Kn0wledgeables","3506","9.3","1383","1375","3.3","5.5","0.6","0.05","-0.05","-0.06","N/A","N/A","N/A","11-13-0","0.458"
"7598","SCA Constellations","3538","8.8","1378","1372","2.5","4","2.2","-0.13","-0.16","0.04","N/A","N/A","N/A","11-20-0","0.355"
"7221","Viking Robotics","3553","8.4","1375","1369","3.9","1.6","2.9","-0.01","-0.18","0.18","N/A","N/A","N/A","9-15-0","0.375"
"6005","Cardinaltronics","3556","8.3","1373","1368","3.8","3.3","1.2","0.28","-0.18","0.08","N/A","N/A","N/A","13-13-0","0.500"
"9753","Team Success","3574","7.9","1370","1366","2","4.7","1.2","0.06","-0.12","-0.05","N/A","N/A","N/A","5-19-0","0.208"
"7203","21st Century Cyber Bearcats","3580","7.8","1369","1365","1.5","4.5","1.9","-0.03","-0.14","0.15","N/A","N/A","N/A","7-17-0","0.292"
"7658","MagiTech","3582","7.8","1368","1365","3","2.2","2.6","0.04","-0.17","0.03","N/A","N/A","N/A","5-19-0","0.208"
"2048","The Pink Panthers","3602","7.2","1362","1361","4.4","1.9","0.9","0.26","-0.1","0.08","N/A","N/A","N/A","11-13-0","0.458"
"7855","Chronic Robophobia","3604","7.2","1362","1361","2.3","4.7","0.2","0.09","-0.16","-0.09","N/A","N/A","N/A","6-18-0","0.250"
"7191","Gator Nation Innovators","3621","6.8","1358","1358","0.1","5.9","0.7","-0.21","-0.16","0.04","N/A","N/A","N/A","10-14-0","0.417"
"2604","Metal and Soul","3625","6.6","1357","1357","3.3","3.8","-0.6","0.2","-0.12","-0.26","N/A","N/A","N/A","6-18-0","0.250"
"6096","UPSM Cobrots","3639","6.4","1355","1356","3.3","2.1","1","0.15","-0.16","-0.13","N/A","N/A","N/A","2-20-2","0.125"
"7155","The Robotic Rangers","3640","6.4","1354","1356","3.5","1.5","1.4","0.12","-0.16","0.01","N/A","N/A","N/A","6-18-0","0.250"
"2591","RedTails","3645","6.1","1351","1354","2.8","1.3","2","0.04","-0.16","0.08","N/A","N/A","N/A","7-17-0","0.292"
"6556","Spartan Robotics","3647","6.1","1351","1354","0.1","6.7","-0.7","-0.02","-0.12","-0.17","N/A","N/A","N/A","6-18-0","0.250"
"6567","The Broken Drill Bits","3668","4.3","1332","1341","1.8","0.9","1.7","-0.04","-0.17","0.1","N/A","N/A","N/A","9-15-0","0.375"